[
  {
    "id": "a1b2c3d4",
    "amount": 12.5,
    "category": "Food",
    "note": "Lunch at caf\u00e9",
    "date": "2025-10-01"
  },
  {
    "id": "b2c3d4e5",
    "amount": 45.0,
    "category": "Travel",
    "note": "Taxi to airport",
    "date": "2025-10-02"
  },
  {
    "id": "c3d4e5f6",
    "amount": 120.0,
    "category": "Bills",
    "note": "Electricity bill",
    "date": "2025-10-03"
  },
  {
    "id": "d4e5f6g7",
    "amount": 30.0,
    "category": "Entertainment",
    "note": "Movie night",
    "date": "2025-10-04"
  }
]